Marris,Shall,mshall0@answers.com,Female,Assistant Manager
Lorant,Brendeke,lbrendeke1@diigo.com,Male,Operator
Mack,Buttriss,mbuttriss2@yahoo.com,Male,Quality Control Specialist
Truda,Arnaldy,tarnaldy3@npr.org,Female,Senior Quality Engineer
Kimberlee,Rosendorf,krosendorf4@surveymonkey.com,Female,Physical Therapy Assistant
Tom,Glynn,tglynn5@china.com.cn,Male,Marketing Manager
Lutero,Northcliffe,lnorthcliffe6@issuu.com,Male,Software Test Engineer III
Bucky,Laviste,blaviste7@abc.net.au,Male,Senior Sales Associate
Camille,Sucre,csucre8@i2i.jp,Female,Software Engineer II
Joanna,Belli,jbelli9@weather.com,Female,Cost Accountant
